Date,location,product,buy,sell,gold_price,gold_return
2023-08-01,TPHCM,SJC,66600,67200,66900.0,
2023-08-02,TPHCM,SJC,66700,67250,66975.0,0.11204482964897279
2023-08-03,TPHCM,SJC,66700,67200,66950.0,-0.037334329349097514
2023-08-04,TPHCM,SJC,66700,67250,66975.0,0.037334329349081936
2023-08-05,TPHCM,SJC,66700,67250,66975.0,0.0
2023-08-07,TPHCM,SJC,66750,67300,67025.0,0.0746268691350663
2023-08-08,TPHCM,SJC,66750,67300,67025.0,0.0
2023-08-09,TPHCM,SJC,66750,67350,67050.0,0.0372925605664429
2023-08-10,TPHCM,SJC,66750,67300,67025.0,-0.03729256056645808
2023-08-11,TPHCM,SJC,66750,67300,67025.0,0.0
2023-08-12,TPHCM,SJC,66750,67300,67025.0,0.0
2023-08-14,TPHCM,SJC,66900,67500,67200.0,0.26075634070807696
2023-08-15,TPHCM,SJC,67000,67600,67300.0,0.14869891215783665
2023-08-16,TPHCM,SJC,66900,67500,67200.0,-0.14869891215782557
2023-08-17,TPHCM,SJC,66950,67550,67250.0,0.07437709528446806
2023-08-18,TPHCM,SJC,67050,67650,67350.0,0.1485884374424553
2023-08-19,TPHCM,SJC,67050,67650,67350.0,0.0
2023-08-21,TPHCM,SJC,67050,67650,67350.0,0.0
2023-08-22,TPHCM,SJC,66950,67600,67275.0,-0.11142062434034647
2023-08-23,TPHCM,SJC,67250,67900,67575.0,0.4449395549541867
2023-08-24,TPHCM,SJC,67450,68050,67750.0,0.25863675972990824
2023-08-25,TPHCM,SJC,67300,67950,67625.0,-0.18467225931646628
2023-08-26,TPHCM,SJC,67300,67950,67625.0,0.0
2023-08-28,TPHCM,SJC,67400,68050,67725.0,0.1477650804513145
2023-08-29,TPHCM,SJC,67450,68100,67775.0,0.07380074135704685
2023-08-30,TPHCM,SJC,67600,68300,67950.0,0.2578745212423515
2023-08-31,TPHCM,SJC,67600,68300,67950.0,0.0
2023-09-04,TPHCM,SJC,67600,68300,67950.0,0.0
2023-09-05,TPHCM,SJC,67750,68350,68050.0,0.14705885003224417
2023-09-06,TPHCM,SJC,67800,68400,68100.0,0.07344840579916562
2023-09-07,TPHCM,SJC,67900,68500,68200.0,0.14673516939497444
2023-09-08,TPHCM,SJC,68100,68850,68475.0,0.4024150299725548
2023-09-09,TPHCM,SJC,68100,68850,68475.0,0.0
2023-09-11,TPHCM,SJC,68200,68900,68550.0,0.10946908591815747
2023-09-12,TPHCM,SJC,68200,68900,68550.0,0.0
2023-09-13,TPHCM,SJC,68000,68700,68350.0,-0.29218428383648604
2023-09-14,TPHCM,SJC,67900,68600,68250.0,-0.14641291048894242
2023-09-15,TPHCM,SJC,68000,68800,68400.0,0.2195390563435656
2023-09-16,TPHCM,SJC,68000,68800,68400.0,0.0
2023-09-18,TPHCM,SJC,68500,69250,68875.0,0.6920442844573758
2023-09-19,TPHCM,SJC,68600,69300,68950.0,0.10883367662323318
2023-09-20,TPHCM,SJC,68600,69300,68950.0,0.0
2023-09-21,TPHCM,SJC,68600,69300,68950.0,0.0
2023-09-22,TPHCM,SJC,68400,69150,68775.0,-0.25412974286725326
2023-09-23,TPHCM,SJC,68400,69150,68775.0,0.0
2023-09-25,TPHCM,SJC,68200,69050,68625.0,-0.21834069809435064
2023-09-26,TPHCM,SJC,68100,68800,68450.0,-0.25533480952368626
2023-09-27,TPHCM,SJC,68100,68800,68450.0,0.0
2023-09-28,TPHCM,SJC,68100,68800,68450.0,0.0
2023-09-29,TPHCM,SJC,68100,68800,68450.0,0.0
2023-09-30,TPHCM,SJC,68100,68800,68450.0,0.0
2023-10-02,TPHCM,SJC,68300,68950,68625.0,0.255334809523683
2023-10-03,TPHCM,SJC,68300,69000,68650.0,0.03642323842852495
2023-10-04,TPHCM,SJC,68150,68850,68500.0,-0.21873869458004003
2023-10-05,TPHCM,SJC,68300,69000,68650.0,0.21873869458004583
2023-10-06,TPHCM,SJC,68400,69100,68750.0,0.14556043327005852
2023-10-07,TPHCM,SJC,68500,69200,68850.0,0.14534886279830986
2023-10-09,TPHCM,SJC,68900,69650,69275.0,0.6153865574378286
2023-10-10,TPHCM,SJC,69000,69700,69350.0,0.10820560117985172
2023-10-11,TPHCM,SJC,69050,69750,69400.0,0.07207207519181666
2023-10-12,TPHCM,SJC,69650,70350,70000.0,0.8608374536600102
2023-10-13,TPHCM,SJC,69500,70150,69825.0,-0.25031302181184767
2023-10-14,TPHCM,SJC,69800,71000,70400.0,0.8201151332756359
2023-10-16,TPHCM,SJC,69700,70400,70050.0,-0.49839903809807373
2023-10-17,TPHCM,SJC,69500,70200,69850.0,-0.28591870800451336
2023-10-18,TPHCM,SJC,69650,70350,70000.0,0.2145156346388202
2023-10-19,TPHCM,SJC,69750,70450,70100.0,0.14275519911853238
2023-10-20,TPHCM,SJC,70250,71100,70675.0,0.8169109539109604
2023-10-21,TPHCM,SJC,70200,71100,70650.0,-0.035379444911754106
2023-10-23,TPHCM,SJC,70050,70800,70425.0,-0.31897953681001495
2023-10-24,TPHCM,SJC,69900,70650,70275.0,-0.21321969698407112
2023-10-25,TPHCM,SJC,69600,70350,69975.0,-0.4278081391078313
2023-10-26,TPHCM,SJC,70000,70750,70375.0,0.5700051058337208
2023-10-27,TPHCM,SJC,70100,70900,70500.0,0.17746233583684795
2023-10-28,TPHCM,SJC,70100,71000,70550.0,0.0708968480599987
2023-10-30,TPHCM,SJC,69850,70600,70225.0,-0.461730530851565
2023-10-31,TPHCM,SJC,70050,70850,70450.0,0.31988653543818324
2023-11-01,TPHCM,SJC,70150,70900,70525.0,0.10640185433706968
2023-11-02,TPHCM,SJC,69900,70600,70250.0,-0.39069486742047954
2023-11-03,TPHCM,SJC,69700,70400,70050.0,-0.28510354308390834
2023-11-04,TPHCM,SJC,69400,70350,69875.0,-0.250134130775276
2023-11-05,TPHCM,SJC,68900,70000,69450.0,-0.6100862274910432
2023-11-06,TPHCM,SJC,68600,70000,69300.0,-0.2162163004495237
2023-11-07,TPHCM,SJC,68900,69900,69400.0,0.14419613169011838
2023-11-08,TPHCM,SJC,69300,70350,69825.0,0.610524431848161
2023-11-09,TPHCM,SJC,69200,70200,69700.0,-0.17917940647622665
2023-11-10,TPHCM,SJC,69400,70450,69925.0,0.3222921321545174
2023-11-11,TPHCM,SJC,69200,70200,69700.0,-0.3222921321545228
2023-11-13,TPHCM,SJC,69300,70300,69800.0,0.1433692001848616
2023-11-14,TPHCM,SJC,69600,70400,70000.0,0.2861232281032195
2023-11-15,TPHCM,SJC,69700,70500,70100.0,0.14275519911853238
2023-11-16,TPHCM,SJC,69700,70500,70100.0,0.0
2023-11-17,TPHCM,SJC,70000,70850,70425.0,0.4625519721891845
2023-11-18,TPHCM,SJC,70000,70850,70425.0,0.0
2023-11-20,TPHCM,SJC,70100,70850,70475.0,0.07097232377399097
2023-11-21,TPHCM,SJC,70500,71200,70850.0,0.5306929136513293
2023-11-22,TPHCM,SJC,71200,72100,71650.0,1.1228188137491415
2023-11-23,TPHCM,SJC,70800,71700,71250.0,-0.5598335125420975
2023-11-24,TPHCM,SJC,71000,71900,71450.0,0.2803085227116559
2023-11-25,TPHCM,SJC,71200,72100,71650.0,0.2795249898304414
2023-11-27,TPHCM,SJC,71600,72500,72050.0,0.5567168171350154
2023-11-28,TPHCM,SJC,72600,73600,73100.0,1.446804431020174
2023-11-29,TPHCM,SJC,72300,73600,72950.0,-0.20540917869381184
2023-11-30,TPHCM,SJC,72400,73600,73000.0,0.06851661795965105
2023-12-01,TPHCM,SJC,72400,73600,73000.0,0.0
2023-12-02,TPHCM,SJC,72700,73900,73300.0,0.41011677442146066
2023-12-04,TPHCM,SJC,73200,74300,73750.0,0.6120386327323452
2023-12-05,TPHCM,SJC,73200,74300,73750.0,0.0
2023-12-06,TPHCM,SJC,73200,74300,73750.0,0.0
2023-12-07,TPHCM,SJC,73200,74300,73750.0,0.0
2023-12-08,TPHCM,SJC,73200,74200,73700.0,-0.0678196024638276
2023-12-09,TPHCM,SJC,73000,74100,73550.0,-0.20373521478444417
2023-12-11,TPHCM,SJC,72800,73800,73300.0,-0.34048381548407375
2023-12-12,TPHCM,SJC,72500,73500,73000.0,-0.41011677442146777
2023-12-13,TPHCM,SJC,72700,73700,73200.0,0.2735979818874845
2023-12-14,TPHCM,SJC,73300,74300,73800.0,0.8163310639160836
2023-12-15,TPHCM,SJC,73500,74500,74000.0,0.27063615977428457
2023-12-16,TPHCM,SJC,73400,74400,73900.0,-0.13522652500136498
2023-12-18,TPHCM,SJC,73400,74400,73900.0,0.0
2023-12-19,TPHCM,SJC,74000,74900,74450.0,0.7414931175861955
2023-12-20,TPHCM,SJC,74600,75500,75050.0,0.8026798949453064
2023-12-21,TPHCM,SJC,74900,75800,75350.0,0.3989366993033515
2023-12-22,TPHCM,SJC,75750,76950,76350.0,1.318410659213708
2023-12-23,TPHCM,SJC,75750,76950,76350.0,0.0
2023-12-25,TPHCM,SJC,77500,78500,78000.0,2.1380795024950254
2023-12-26,TPHCM,SJC,77400,79200,78300.0,0.3838776307165667
2023-12-27,TPHCM,SJC,77800,79600,78700.0,0.5095552426600095
2023-12-28,TPHCM,SJC,74500,77500,76000.0,-3.490981513702651
2023-12-29,TPHCM,SJC,72500,76000,74250.0,-2.3295562603522066
2023-12-30,TPHCM,SJC,70000,73900,71950.0,-3.1466344349432194
2024-01-02,TPHCM,SJC,72500,75500,74000.0,2.8093659870793
2024-01-03,TPHCM,SJC,73000,76000,74500.0,0.673403218134412
2024-01-04,TPHCM,SJC,72500,75200,73850.0,-0.8763116408124978
2024-01-05,TPHCM,SJC,72500,75200,73850.0,0.0
2024-01-06,TPHCM,SJC,72500,75200,73850.0,0.0
2024-01-08,TPHCM,SJC,71500,74200,72850.0,-1.3633476336174981
2024-01-09,TPHCM,SJC,72000,74700,73350.0,0.6839971947776944
2024-01-10,TPHCM,SJC,72100,74750,73425.0,0.10219724956929677
2024-01-11,TPHCM,SJC,73200,75300,74250.0,1.1173300598125255
2024-01-12,TPHCM,SJC,73700,76000,74850.0,0.8048333182828415
2024-01-13,TPHCM,SJC,74500,77500,76000.0,1.5247229420693695
2024-01-15,TPHCM,SJC,74300,76500,75400.0,-0.7926065272420716
2024-01-16,TPHCM,SJC,74500,76700,75600.0,0.26490081715768626
2024-01-17,TPHCM,SJC,73900,76300,75100.0,-0.6635724415398268
2024-01-18,TPHCM,SJC,74000,76300,75150.0,0.06655574288944824
2024-01-19,TPHCM,SJC,74300,76900,75600.0,0.5970166986503754
2024-01-20,TPHCM,SJC,74300,76900,75600.0,0.0
2024-01-22,TPHCM,SJC,73500,76000,74750.0,-1.130707091469154
2024-01-23,TPHCM,SJC,74000,76500,75250.0,0.6666691358189297
2024-01-24,TPHCM,SJC,74200,76700,75450.0,0.2654281584872723
2024-01-25,TPHCM,SJC,74000,76500,75250.0,-0.26542815848728285
2024-01-26,TPHCM,SJC,74400,76800,75600.0,0.4640379556502301
2024-01-27,TPHCM,SJC,74400,76800,75600.0,0.0
2024-01-29,TPHCM,SJC,74400,76800,75600.0,0.0
2024-01-30,TPHCM,SJC,74900,77400,76150.0,0.7248796155683551
2024-01-31,TPHCM,SJC,75400,77900,76650.0,0.6544525976652269
2024-02-01,TPHCM,SJC,76200,78400,77300.0,0.84443502755532
2024-02-02,TPHCM,SJC,76400,78700,77550.0,0.3228934029171594
2024-02-03,TPHCM,SJC,75900,78300,77100.0,-0.5819609053264041
2024-02-05,TPHCM,SJC,76200,78400,77300.0,0.25906750240924625
2024-02-06,TPHCM,SJC,76500,78700,77600.0,0.387347159579684
2024-02-07,TPHCM,SJC,76700,78900,77800.0,0.2574003995172843
2024-02-15,TPHCM,SJC,76050,78000,77025.0,-1.0011386701614244
2024-02-16,TPHCM,SJC,76600,78800,77700.0,0.8725212890870032
2024-02-17,TPHCM,SJC,76600,78800,77700.0,0.0
2024-02-18,TPHCM,SJC,75800,78400,77100.0,-0.7751976804317936
2024-02-19,TPHCM,SJC,75000,77950,76475.0,-0.8139390532316623
2024-02-20,TPHCM,SJC,76000,78200,77100.0,0.8139390532316673
2024-02-21,TPHCM,SJC,75800,78000,76900.0,-0.25974040576855056
2024-02-22,TPHCM,SJC,76500,78700,77600.0,0.9061550677574732
2024-02-23,TPHCM,SJC,76500,78700,77600.0,0.0
2024-02-24,TPHCM,SJC,76500,78700,77600.0,0.0
2024-02-26,TPHCM,SJC,76600,78800,77700.0,0.12878301844286857
2024-02-27,TPHCM,SJC,77000,78950,77975.0,0.35330051202652113
2024-02-28,TPHCM,SJC,77400,79300,78350.0,0.47977063081629584
2024-02-29,TPHCM,SJC,77600,79500,78550.0,0.25493958996004273
2024-03-01,TPHCM,SJC,77900,79800,78850.0,0.3811948707417306
2024-03-02,TPHCM,SJC,78600,81000,79800.0,1.197619104671562
2024-03-04,TPHCM,SJC,78800,80700,79750.0,-0.06267627908091156
2024-03-05,TPHCM,SJC,78800,80800,79800.0,0.06267627908091106
2024-03-06,TPHCM,SJC,79000,81000,80000.0,0.2503130218118475
2024-03-07,TPHCM,SJC,79800,81800,80800.0,0.9950330853168092
2024-03-08,TPHCM,SJC,79900,81900,80900.0,0.12368585373962004
2024-03-09,TPHCM,SJC,79800,82200,81000.0,0.12353306079928082
2024-03-11,TPHCM,SJC,80200,82200,81200.0,0.24660924951934682
2024-03-12,TPHCM,SJC,80100,82400,81250.0,0.06155740422146125
2024-03-13,TPHCM,SJC,78000,80500,79250.0,-2.492340845245685
2024-03-14,TPHCM,SJC,79500,81500,80500.0,1.5649771667127597
2024-03-15,TPHCM,SJC,79900,81900,80900.0,0.4956639639928416
2024-03-16,TPHCM,SJC,79700,81700,80700.0,-0.2475248788542877
2024-03-18,TPHCM,SJC,79400,81400,80400.0,-0.372439909098244
2024-03-19,TPHCM,SJC,79500,81500,80500.0,0.12430082395970227
2024-03-20,TPHCM,SJC,79500,81500,80500.0,0.0
2024-03-21,TPHCM,SJC,78600,80650,79625.0,-1.0929070532190317
2024-03-22,TPHCM,SJC,77600,79700,78650.0,-1.2320484388040625
2024-03-23,TPHCM,SJC,78000,80300,79150.0,0.6337156822734371
2024-03-25,TPHCM,SJC,77800,79800,78800.0,-0.4431789463187756
2024-03-26,TPHCM,SJC,78000,80100,79050.0,0.31675667916476613
2024-03-27,TPHCM,SJC,78800,80900,79850.0,1.0069311005540318
2024-03-28,TPHCM,SJC,79100,81100,80100.0,0.3125979413292043
2024-03-29,TPHCM,SJC,78800,80800,79800.0,-0.3752349618550464
2024-03-30,TPHCM,SJC,78200,80600,79400.0,-0.5025136202673043
2024-04-01,TPHCM,SJC,78300,80800,79550.0,0.18873865307057286
2024-04-02,TPHCM,SJC,79100,81200,80150.0,0.7514124271766117
2024-04-03,TPHCM,SJC,78900,80900,79900.0,-0.31240262833330323
2024-04-04,TPHCM,SJC,79000,81100,80050.0,0.187558667049467
2024-04-05,TPHCM,SJC,79300,81400,80350.0,0.3740652740797926
2024-04-06,TPHCM,SJC,79500,81900,80700.0,0.43464830923815023
2024-04-08,TPHCM,SJC,80300,82300,81300.0,0.7407441277861817
2024-04-09,TPHCM,SJC,81900,84700,83300.0,2.4302532619032204
2024-04-10,TPHCM,SJC,82300,84400,83350.0,0.060006002400590494
2024-04-11,TPHCM,SJC,81900,83900,82900.0,-0.5413547055553691
2024-04-12,TPHCM,SJC,82500,84500,83500.0,0.7211569715560403
2024-04-13,TPHCM,SJC,80600,83100,81850.0,-1.9958328039665856
2024-04-15,TPHCM,SJC,81800,84100,82950.0,1.3349712819309527
2024-04-16,TPHCM,SJC,81700,83700,82700.0,-0.3018414606807862
2024-04-17,TPHCM,SJC,82100,84100,83100.0,0.48250998317568944
2024-04-19,TPHCM,SJC,81800,83800,82800.0,-0.361664047018855
2024-04-20,TPHCM,SJC,81800,83800,82800.0,0.0
2024-04-22,TPHCM,SJC,80700,83200,81950.0,-1.0318756201375363
2024-04-23,TPHCM,SJC,79800,82300,81050.0,-1.1043057008153607
2024-04-24,TPHCM,SJC,82300,84300,83300.0,2.7382300991112
2024-04-25,TPHCM,SJC,82300,84300,83300.0,0.0
2024-04-26,TPHCM,SJC,83000,85200,84100.0,0.9558017806105361
2024-04-27,TPHCM,SJC,83000,85200,84100.0,0.0
2024-05-02,TPHCM,SJC,82900,85100,84000.0,-0.11897681355887957
2024-05-03,TPHCM,SJC,83500,85800,84650.0,0.770830973583068
2024-05-04,TPHCM,SJC,83500,85900,84700.0,0.05904930788644295
2024-05-06,TPHCM,SJC,84300,86500,85400.0,0.8230499136515443
2024-05-07,TPHCM,SJC,85100,87400,86250.0,0.9903955116945024
2024-05-08,TPHCM,SJC,85100,87400,86250.0,0.0
2024-05-09,TPHCM,SJC,86800,89100,87950.0,1.9518415272098115
2024-05-10,TPHCM,SJC,89900,92200,91050.0,3.4640334990049704
2024-05-11,TPHCM,SJC,88800,91300,90050.0,-1.1043734551651836
2024-05-13,TPHCM,SJC,87500,90000,88750.0,-1.4541643266439894
2024-05-14,TPHCM,SJC,86000,89000,87500.0,-1.4184634991956413
2024-05-15,TPHCM,SJC,87700,90100,88900.0,1.5873349156290164
2024-05-16,TPHCM,SJC,87500,90000,88750.0,-0.16887141643336664
2024-05-17,TPHCM,SJC,87500,89900,88700.0,-0.05635390399913477
2024-05-18,TPHCM,SJC,87700,90200,88950.0,0.28145247963103565
2024-05-20,TPHCM,SJC,88700,90700,89700.0,0.8396354952906357
2024-05-21,TPHCM,SJC,88400,90400,89400.0,-0.33500868852819743
2024-05-22,TPHCM,SJC,88900,90500,89700.0,0.3350086885282027
2024-05-23,TPHCM,SJC,87700,89700,88700.0,-1.1210879749216582
2024-05-24,TPHCM,SJC,87500,89400,88450.0,-0.2822468709739536
2024-05-25,TPHCM,SJC,87500,89400,88450.0,0.0
2024-05-27,TPHCM,SJC,87700,89500,88600.0,0.16944370052410135
2024-05-28,TPHCM,SJC,88300,90100,89200.0,0.674918197492833
2024-05-29,TPHCM,SJC,88600,90200,89400.0,0.223964259350466
2024-05-30,TPHCM,SJC,86000,88400,87200.0,-2.4916351264534553
2024-05-31,TPHCM,SJC,83050,85950,84500.0,-3.1452796551805733
2024-06-01,TPHCM,SJC,80950,83000,81975.0,-3.0337211632416246
2024-06-03,TPHCM,SJC,77980,79980,78980.0,-3.721966687220856
2024-06-04,TPHCM,SJC,77480,78980,78230.0,-0.9541450161514053
2024-06-05,TPHCM,SJC,76480,77980,77230.0,-1.286522311581681
2024-06-06,TPHCM,SJC,74980,76980,75980.0,-1.6317834821692943
2024-06-07,TPHCM,SJC,74980,76980,75980.0,0.0
2024-06-08,TPHCM,SJC,74980,76980,75980.0,0.0
2024-06-10,TPHCM,SJC,74980,76980,75980.0,0.0
2024-06-11,TPHCM,SJC,74980,76980,75980.0,0.0
2024-06-12,TPHCM,SJC,74980,76980,75980.0,0.0
2024-06-13,TPHCM,SJC,74980,76980,75980.0,0.0
2024-06-14,TPHCM,SJC,74980,76980,75980.0,0.0
2024-06-15,TPHCM,SJC,74980,76980,75980.0,0.0
2024-06-17,TPHCM,SJC,74980,76980,75980.0,0.0
2024-06-18,TPHCM,SJC,74980,76980,75980.0,0.0
2024-06-19,TPHCM,SJC,74980,76980,75980.0,0.0
2024-06-20,TPHCM,SJC,74980,76980,75980.0,0.0
2024-06-21,TPHCM,SJC,74980,76980,75980.0,0.0
2024-06-22,TPHCM,SJC,74980,76980,75980.0,0.0
2024-06-24,TPHCM,SJC,74980,76980,75980.0,0.0
2024-06-25,TPHCM,SJC,74980,76980,75980.0,0.0
2024-06-26,TPHCM,SJC,74980,76980,75980.0,0.0
2024-06-27,TPHCM,SJC,74980,76980,75980.0,0.0
2024-06-28,TPHCM,SJC,74980,76980,75980.0,0.0
2024-06-29,TPHCM,SJC,74980,76980,75980.0,0.0
2024-07-01,TPHCM,SJC,74980,76980,75980.0,0.0
2024-07-02,TPHCM,SJC,74980,76980,75980.0,0.0
2024-07-03,TPHCM,SJC,74980,76980,75980.0,0.0
2024-07-04,TPHCM,SJC,74980,76980,75980.0,0.0
2024-07-05,TPHCM,SJC,74980,76980,75980.0,0.0
2024-07-06,TPHCM,SJC,74980,76980,75980.0,0.0
2024-07-08,TPHCM,SJC,74980,76980,75980.0,0.0
2024-07-09,TPHCM,SJC,74980,76980,75980.0,0.0
2024-07-10,TPHCM,SJC,74980,76980,75980.0,0.0
2024-07-11,TPHCM,SJC,74980,76980,75980.0,0.0
2024-07-12,TPHCM,SJC,75480,76980,76230.0,0.32849382407027994
2024-07-13,TPHCM,SJC,75480,76980,76230.0,0.0
2024-07-15,TPHCM,SJC,75480,76980,76230.0,0.0
2024-07-16,TPHCM,SJC,75480,76980,76230.0,0.0
2024-07-17,TPHCM,SJC,75980,76980,76480.0,0.32741827429634446
2024-07-18,TPHCM,SJC,78500,80000,79250.0,3.5578144014244097
2024-07-19,TPHCM,SJC,78500,80000,79250.0,0.0
2024-07-20,TPHCM,SJC,78500,80000,79250.0,0.0
2024-07-22,TPHCM,SJC,78500,80000,79250.0,0.0
2024-07-23,TPHCM,SJC,77500,79500,78500.0,-0.95087879690273
2024-07-24,TPHCM,SJC,77500,79500,78500.0,0.0
2024-07-25,TPHCM,SJC,77500,79500,78500.0,0.0
2024-07-26,TPHCM,SJC,77500,79500,78500.0,0.0
2024-07-27,TPHCM,SJC,77500,79500,78500.0,0.0
2024-07-29,TPHCM,SJC,77500,79500,78500.0,0.0
2024-07-30,TPHCM,SJC,77000,79000,78000.0,-0.638979809877101
2024-07-31,TPHCM,SJC,77000,79000,78000.0,0.0
2024-08-01,TPHCM,SJC,77800,79800,78800.0,1.020417017424167
2024-08-02,TPHCM,SJC,78300,79800,79050.0,0.31675667916476613
2024-08-03,TPHCM,SJC,78300,79800,79050.0,0.0
2024-08-05,TPHCM,SJC,78300,79800,79050.0,0.0
2024-08-06,TPHCM,SJC,77000,79000,78000.0,-1.337173696588931
2024-08-07,TPHCM,SJC,77000,79000,78000.0,0.0
2024-08-08,TPHCM,SJC,76500,78500,77500.0,-0.6430890330290403
2024-08-09,TPHCM,SJC,76500,78500,77500.0,0.0
2024-08-10,TPHCM,SJC,76500,78500,77500.0,0.0
2024-08-12,TPHCM,SJC,76500,78500,77500.0,0.0
2024-08-13,TPHCM,SJC,78000,80000,79000.0,1.9169916107720124
2024-08-14,TPHCM,SJC,78000,80000,79000.0,0.0
2024-08-15,TPHCM,SJC,78000,80000,79000.0,0.0
2024-08-16,TPHCM,SJC,78000,80000,79000.0,0.0
2024-08-17,TPHCM,SJC,78000,80000,79000.0,0.0
2024-08-19,TPHCM,SJC,78000,80000,79000.0,0.0
2024-08-20,TPHCM,SJC,79000,81000,80000.0,1.2578782206860186
2024-08-21,TPHCM,SJC,79000,81000,80000.0,0.0
2024-08-22,TPHCM,SJC,79000,81000,80000.0,0.0
2024-08-23,TPHCM,SJC,79000,81000,80000.0,0.0
2024-08-24,TPHCM,SJC,79000,81000,80000.0,0.0
2024-08-26,TPHCM,SJC,79000,81000,80000.0,0.0
2024-08-27,TPHCM,SJC,79000,81000,80000.0,0.0
2024-08-28,TPHCM,SJC,79000,81000,80000.0,0.0
2024-08-29,TPHCM,SJC,79000,81000,80000.0,0.0
2024-08-30,TPHCM,SJC,79000,81000,80000.0,0.0
2024-08-31,TPHCM,SJC,79000,81000,80000.0,0.0
2024-09-04,TPHCM,SJC,79000,81000,80000.0,0.0
2024-09-05,TPHCM,SJC,78500,80500,79500.0,-0.6269613013595374
2024-09-06,TPHCM,SJC,78500,80500,79500.0,0.0
2024-09-07,TPHCM,SJC,78500,80500,79500.0,0.0
2024-09-09,TPHCM,SJC,78500,80500,79500.0,0.0
2024-09-10,TPHCM,SJC,78500,80500,79500.0,0.0
2024-09-11,TPHCM,SJC,78500,80500,79500.0,0.0
2024-09-12,TPHCM,SJC,78500,80500,79500.0,0.0
2024-09-13,TPHCM,SJC,78500,80500,79500.0,0.0
2024-09-14,TPHCM,SJC,78500,80500,79500.0,0.0
2024-09-16,TPHCM,SJC,78500,80500,79500.0,0.0
2024-09-17,TPHCM,SJC,80000,82000,81000.0,1.8692133012152545
2024-09-18,TPHCM,SJC,80000,82000,81000.0,0.0
2024-09-19,TPHCM,SJC,79800,81800,80800.0,-0.24721891453890368
2024-09-20,TPHCM,SJC,80000,82000,81000.0,0.2472189145389073
2024-09-21,TPHCM,SJC,80000,82000,81000.0,0.0
2024-09-23,TPHCM,SJC,80000,82000,81000.0,0.0
2024-09-24,TPHCM,SJC,81500,83500,82500.0,1.8349138668196616
2024-09-25,TPHCM,SJC,81500,83500,82500.0,0.0
2024-09-26,TPHCM,SJC,81500,83500,82500.0,0.0
2024-09-27,TPHCM,SJC,81500,83500,82500.0,0.0
2024-09-28,TPHCM,SJC,81500,83500,82500.0,0.0
2024-09-30,TPHCM,SJC,81500,83500,82500.0,0.0
2024-10-01,TPHCM,SJC,82000,84000,83000.0,0.6042314455962662
2024-10-02,TPHCM,SJC,82000,84000,83000.0,0.0
2024-10-03,TPHCM,SJC,82000,84000,83000.0,0.0
2024-10-04,TPHCM,SJC,82000,84000,83000.0,0.0
2024-10-05,TPHCM,SJC,82000,84000,83000.0,0.0
2024-10-07,TPHCM,SJC,82000,84000,83000.0,0.0
2024-10-08,TPHCM,SJC,83000,85000,84000.0,1.197619104671562
2024-10-09,TPHCM,SJC,83000,85000,84000.0,0.0
2024-10-10,TPHCM,SJC,82500,84500,83500.0,-0.5970166986503797
2024-10-11,TPHCM,SJC,82500,84500,83500.0,0.0
2024-10-12,TPHCM,SJC,82500,84500,83500.0,0.0
2024-10-14,TPHCM,SJC,83000,85000,84000.0,0.5970166986503754
2024-10-15,TPHCM,SJC,83000,85000,84000.0,0.0
2024-10-16,TPHCM,SJC,84000,86000,85000.0,1.1834457647002798
2024-10-17,TPHCM,SJC,84000,86000,85000.0,0.0
2024-10-18,TPHCM,SJC,84000,86000,85000.0,0.0
2024-10-19,TPHCM,SJC,84000,86000,85000.0,0.0
2024-10-21,TPHCM,SJC,86000,88000,87000.0,2.3256862164267185
2024-10-22,TPHCM,SJC,87000,89000,88000.0,1.142869582362285
2024-10-23,TPHCM,SJC,87000,89000,88000.0,0.0
2024-10-24,TPHCM,SJC,87000,89000,88000.0,0.0
2024-10-25,TPHCM,SJC,87000,89000,88000.0,0.0
2024-10-26,TPHCM,SJC,87000,89000,88000.0,0.0
2024-10-28,TPHCM,SJC,87000,89000,88000.0,0.0
2024-10-29,TPHCM,SJC,87000,89000,88000.0,0.0
2024-10-30,TPHCM,SJC,88000,90000,89000.0,1.1299555253933466
2024-10-31,TPHCM,SJC,88000,90000,89000.0,0.0
2024-11-01,TPHCM,SJC,87500,89500,88500.0,-0.563381771825602
2024-11-02,TPHCM,SJC,87500,89500,88500.0,0.0
2024-11-04,TPHCM,SJC,87000,89000,88000.0,-0.5665737535677308
2024-11-05,TPHCM,SJC,87000,89000,88000.0,0.0
2024-11-06,TPHCM,SJC,87000,89000,88000.0,0.0
2024-11-07,TPHCM,SJC,81000,85500,83250.0,-5.548868561765325
2024-11-08,TPHCM,SJC,82000,86000,84000.0,0.8968669982760316
2024-11-09,TPHCM,SJC,82000,85800,83900.0,-0.1191185370153118
2024-11-11,TPHCM,SJC,81900,85400,83650.0,-0.2984186040327568
2024-11-12,TPHCM,SJC,80500,84000,82250.0,-1.6878037787351747
2024-11-13,TPHCM,SJC,80500,84000,82250.0,0.0
2024-11-14,TPHCM,SJC,80000,83500,81750.0,-0.6097579868118445
2024-11-15,TPHCM,SJC,80000,83500,81750.0,0.0
2024-11-16,TPHCM,SJC,80000,83500,81750.0,0.0
2024-11-18,TPHCM,SJC,81000,84000,82500.0,0.9132483563272472
2024-11-19,TPHCM,SJC,82000,85000,83500.0,1.2048338516174575
2024-11-20,TPHCM,SJC,82700,85700,84200.0,0.8348289391471244
2024-11-21,TPHCM,SJC,83700,86200,84950.0,0.8867926869659962
2024-11-22,TPHCM,SJC,85000,87000,86000.0,1.228444813556669
2024-11-23,TPHCM,SJC,85000,87000,86000.0,0.0
2024-11-25,TPHCM,SJC,84600,86600,85600.0,-0.4662013105811301
2024-11-26,TPHCM,SJC,82800,85300,84050.0,-1.8273423293071827
2024-11-27,TPHCM,SJC,83000,85500,84250.0,0.2376709377846542
2024-11-28,TPHCM,SJC,82900,85400,84150.0,-0.11876485956560663
2024-11-29,TPHCM,SJC,83300,85800,84550.0,0.4742154707774335
2024-11-30,TPHCM,SJC,83300,85800,84550.0,0.0
2024-12-02,TPHCM,SJC,82800,85300,84050.0,-0.5931215489964646
2024-12-03,TPHCM,SJC,83000,85500,84250.0,0.2376709377846542
2024-12-04,TPHCM,SJC,83000,85500,84250.0,0.0
2024-12-05,TPHCM,SJC,83000,85500,84250.0,0.0
2024-12-06,TPHCM,SJC,82700,85200,83950.0,-0.3567185708921314
2024-12-07,TPHCM,SJC,82700,85200,83950.0,0.0
2024-12-09,TPHCM,SJC,82700,85200,83950.0,0.0
2024-12-10,TPHCM,SJC,83600,85600,84600.0,0.7712883088627751
2024-12-11,TPHCM,SJC,84600,87100,85850.0,1.4667320731306883
2024-12-12,TPHCM,SJC,84600,87100,85850.0,0.0
2024-12-13,TPHCM,SJC,83800,86300,85050.0,-0.9362268501613739
2024-12-14,TPHCM,SJC,83800,86300,85050.0,0.0
2024-12-16,TPHCM,SJC,82600,85100,83850.0,-1.420983057265291
2024-12-17,TPHCM,SJC,82600,85100,83850.0,0.0
2024-12-18,TPHCM,SJC,83100,85100,84100.0,0.2977078709684569
2024-12-19,TPHCM,SJC,82100,84100,83100.0,-1.1961865117499824
2024-12-20,TPHCM,SJC,81800,83800,82800.0,-0.361664047018855
2024-12-21,TPHCM,SJC,82400,84400,83400.0,0.7220247973487097
2024-12-23,TPHCM,SJC,82500,84500,83500.0,0.11983224921087163
2024-12-24,TPHCM,SJC,82300,84300,83300.0,-0.23980826840127437
2024-12-25,TPHCM,SJC,82300,84300,83300.0,0.0
2024-12-26,TPHCM,SJC,82500,84500,83500.0,0.2398082684012846
2024-12-27,TPHCM,SJC,82700,84700,83700.0,0.23923456386199016
2024-12-28,TPHCM,SJC,82700,84700,83700.0,0.0
2024-12-30,TPHCM,SJC,82500,84500,83500.0,-0.23923456386198239
2024-12-31,TPHCM,SJC,82200,84200,83200.0,-0.3599284029646873
2025-01-02,TPHCM,SJC,83500,85000,84250.0,1.254122140530818
2025-01-03,TPHCM,SJC,84000,85500,84750.0,0.5917177028088518
2025-01-04,TPHCM,SJC,84000,85500,84750.0,0.0
2025-01-06,TPHCM,SJC,83500,85000,84250.0,-0.5917177028088507
2025-01-07,TPHCM,SJC,83500,85300,84400.0,0.1778832369440231
2025-01-08,TPHCM,SJC,84000,85500,84750.0,0.4138344658648129
2025-01-09,TPHCM,SJC,84500,86000,85250.0,0.5882369903066613
2025-01-10,TPHCM,SJC,84700,86200,85450.0,0.23432933979738116
2025-01-11,TPHCM,SJC,84800,86800,85800.0,0.40875969323167627
2025-01-13,TPHCM,SJC,84800,86800,85800.0,0.0
2025-01-14,TPHCM,SJC,84400,86400,85400.0,-0.467290569939237
2025-01-15,TPHCM,SJC,84600,86600,85600.0,0.2339182353172241
2025-01-16,TPHCM,SJC,85000,87000,86000.0,0.4662013105811371
2025-01-17,TPHCM,SJC,85300,87300,86300.0,0.34823018358744906
2025-01-18,TPHCM,SJC,84900,86900,85900.0,-0.46457690991725686
2025-01-20,TPHCM,SJC,84900,86900,85900.0,0.0
2025-01-21,TPHCM,SJC,85500,87500,86500.0,0.6960584947623973
2025-01-22,TPHCM,SJC,86200,88200,87200.0,0.8059916977100248
2025-01-23,TPHCM,SJC,86400,88400,87400.0,0.22909517465557624
2025-01-24,TPHCM,SJC,86800,88800,87800.0,0.4566217979581184
2025-02-01,TPHCM,SJC,86800,88800,87800.0,0.0
2025-02-03,TPHCM,SJC,87800,89800,88800.0,1.1325149357053503
2025-02-04,TPHCM,SJC,87600,90100,88850.0,0.05629046025359818
2025-02-05,TPHCM,SJC,88000,91000,89500.0,0.7289070680149285
2025-02-06,TPHCM,SJC,86400,89600,88000.0,-1.6901810802603254
2025-02-07,TPHCM,SJC,86800,90300,88550.0,0.6230549750636163
2025-02-08,TPHCM,SJC,86800,90300,88550.0,0.0
2025-02-10,TPHCM,SJC,88300,91300,89800.0,1.4017611079311447
2025-02-11,TPHCM,SJC,88000,90500,89250.0,-0.6143554648405463
2025-02-12,TPHCM,SJC,86700,90200,88450.0,-0.9004000053954143
2025-02-13,TPHCM,SJC,87700,90700,89200.0,0.8443618980169352
2025-02-14,TPHCM,SJC,88300,91300,89800.0,0.6703935722190134
2025-02-15,TPHCM,SJC,87300,90300,88800.0,-1.1198325310029562
2025-02-17,TPHCM,SJC,87600,90600,89100.0,0.3372684478639156
2025-02-18,TPHCM,SJC,88600,91100,89850.0,0.8382278752804438
2025-02-19,TPHCM,SJC,89600,91900,90750.0,0.9966859915392074
2025-02-20,TPHCM,SJC,90000,92300,91150.0,0.43980279797119726
2025-02-21,TPHCM,SJC,89400,91700,90550.0,-0.6604316795249683
2025-02-22,TPHCM,SJC,89400,91700,90550.0,0.0
2025-02-24,TPHCM,SJC,89700,92000,90850.0,0.33076105127578137
2025-02-25,TPHCM,SJC,89700,92000,90850.0,0.0
2025-02-26,TPHCM,SJC,89000,91300,90150.0,-0.7734845192853946
2025-02-27,TPHCM,SJC,88900,91200,90050.0,-0.11098780273611913
2025-02-28,TPHCM,SJC,88500,90500,89500.0,-0.6126446341155393
2025-03-01,TPHCM,SJC,88500,90500,89500.0,0.0
2025-03-03,TPHCM,SJC,89000,91000,90000.0,0.557104504945543
2025-03-04,TPHCM,SJC,90700,92700,91700.0,1.8712708932154165
2025-03-05,TPHCM,SJC,90700,92700,91700.0,0.0
2025-03-06,TPHCM,SJC,90700,92700,91700.0,0.0
2025-03-07,TPHCM,SJC,91100,93100,92100.0,0.435256399884194
2025-03-08,TPHCM,SJC,90900,92900,91900.0,-0.21739138996197965
2025-03-10,TPHCM,SJC,90900,92900,91900.0,0.0
2025-03-11,TPHCM,SJC,91000,93000,92000.0,0.1087547687398919
2025-03-12,TPHCM,SJC,91800,93500,92650.0,0.704037568232852
2025-03-13,TPHCM,SJC,92900,94400,93650.0,1.0735476158728825
2025-03-14,TPHCM,SJC,94300,95800,95050.0,1.4838640044340559
2025-03-15,TPHCM,SJC,94300,95800,95050.0,0.0
2025-03-17,TPHCM,SJC,94800,96100,95450.0,0.41994812373183693
2025-03-18,TPHCM,SJC,96700,98200,97450.0,2.0736875781813224
2025-03-19,TPHCM,SJC,98000,99500,98750.0,1.3251977827661496
2025-03-20,TPHCM,SJC,97800,99800,98800.0,0.05062009725908393
2025-03-21,TPHCM,SJC,94700,97700,96200.0,-2.6668247082161294
2025-03-22,TPHCM,SJC,94400,97400,95900.0,-0.3123375782268297
2025-03-24,TPHCM,SJC,95100,97600,96350.0,0.46814129709829105
2025-03-25,TPHCM,SJC,95900,97900,96900.0,0.5692124036345226
2025-03-26,TPHCM,SJC,96700,98400,97550.0,0.66855481723996
2025-03-27,TPHCM,SJC,97400,98900,98150.0,0.6131853653349837
2025-03-28,TPHCM,SJC,98200,100200,99200.0,1.0641093568357092
2025-03-29,TPHCM,SJC,98400,100700,99550.0,0.35220162193780885
2025-03-31,TPHCM,SJC,99500,101800,100650.0,1.0989121575595164
2025-04-01,TPHCM,SJC,99400,102100,100750.0,0.09930487409918533
2025-04-02,TPHCM,SJC,99100,101800,100450.0,-0.29821095658489927
2025-04-03,TPHCM,SJC,99500,102200,100850.0,0.3974173139277357
2025-04-04,TPHCM,SJC,98800,101300,100050.0,-0.7964203370478395
2025-04-05,TPHCM,SJC,97100,100100,98600.0,-1.4598799421152635
2025-04-08,TPHCM,SJC,97700,100200,98950.0,0.35434104399850114
2025-04-09,TPHCM,SJC,99700,101900,100800.0,1.8523683588693565
2025-04-10,TPHCM,SJC,100600,103600,102100.0,1.2814369533351584
2025-04-11,TPHCM,SJC,102200,105200,103700.0,1.5549390064861723
2025-04-12,TPHCM,SJC,103000,106500,104750.0,1.0074443566765445
2025-04-14,TPHCM,SJC,105000,107500,106250.0,1.4218249002279173
2025-04-15,TPHCM,SJC,105500,108000,106750.0,0.4694844304207664
2025-04-16,TPHCM,SJC,113000,115500,114250.0,6.789937766558022
2025-04-17,TPHCM,SJC,115500,118000,116750.0,2.164586677469251
2025-04-18,TPHCM,SJC,117000,120000,118500.0,1.4878064026179076
2025-04-19,TPHCM,SJC,112000,114000,113000.0,-4.75251418628453
2025-04-21,TPHCM,SJC,116000,118000,117000.0,3.4786116085415606
2025-04-22,TPHCM,SJC,122000,124000,123000.0,5.001042057466141
2025-04-23,TPHCM,SJC,116500,119500,118000.0,-4.149973090675274
2025-04-24,TPHCM,SJC,118500,121500,120000.0,1.680711831638119
2025-04-25,TPHCM,SJC,118500,120500,119500.0,-0.41753714104806217
2025-04-26,TPHCM,SJC,119000,121000,120000.0,0.4175371410480592
2025-04-28,TPHCM,SJC,117500,119500,118500.0,-1.2578782206860073
2025-04-29,TPHCM,SJC,119300,121300,120300.0,1.5075662405447396
2025-05-01,TPHCM,SJC,119300,121300,120300.0,0.0
2025-05-02,TPHCM,SJC,118500,121300,119900.0,-0.3330560947164611
2025-05-03,TPHCM,SJC,118500,121300,119900.0,0.0
2025-05-05,TPHCM,SJC,117800,119800,118800.0,-0.9216655104923952
2025-05-06,TPHCM,SJC,120200,122200,121200.0,2.0000666706669437
2025-05-07,TPHCM,SJC,120200,122200,121200.0,0.0
2025-05-08,TPHCM,SJC,118500,120500,119500.0,-1.4125702263648696
2025-05-09,TPHCM,SJC,119500,121500,120500.0,0.8333381559144241
2025-05-10,TPHCM,SJC,120000,122000,121000.0,0.4140792666031387
2025-05-12,TPHCM,SJC,117200,119200,118200.0,-2.341244062474323
2025-05-13,TPHCM,SJC,118500,120500,119500.0,1.0938266399567438
2025-05-14,TPHCM,SJC,118000,120000,119000.0,-0.4192878260035927
2025-05-15,TPHCM,SJC,115500,118200,116850.0,-1.8232432126662472
2025-05-16,TPHCM,SJC,115700,118700,117200.0,0.29908161580453474
2025-05-17,TPHCM,SJC,115500,118500,117000.0,-0.17079423451561473
2025-05-19,TPHCM,SJC,116800,119300,118050.0,0.8934328733765774
2025-05-20,TPHCM,SJC,116800,119300,118050.0,0.0
2025-05-21,TPHCM,SJC,118500,121000,119750.0,1.4297972759502686
2025-05-22,TPHCM,SJC,118500,120500,119500.0,-0.20898649194592422
2025-05-23,TPHCM,SJC,118500,120500,119500.0,0.0
2025-05-24,TPHCM,SJC,119000,121000,120000.0,0.4175371410480592
2025-05-26,TPHCM,SJC,116500,119000,117750.0,-1.892800988551891
2025-05-27,TPHCM,SJC,115800,118300,117050.0,-0.5962538959607356
2025-05-28,TPHCM,SJC,116200,118700,117450.0,0.3411517168002134
2025-05-29,TPHCM,SJC,115500,118000,116750.0,-0.5977814555915145
2025-05-30,TPHCM,SJC,116000,118500,117250.0,0.4273510777382085
2025-05-31,TPHCM,SJC,115700,118200,116950.0,-0.2561914296200756
2025-06-02,TPHCM,SJC,115800,117800,116800.0,-0.12834226360613246
2025-06-03,TPHCM,SJC,114900,117200,116050.0,-0.6441937673680677
2025-06-04,TPHCM,SJC,114900,117200,116050.0,0.0
2025-06-05,TPHCM,SJC,115400,117700,116550.0,0.42992327613200365
2025-06-06,TPHCM,SJC,116000,118000,117000.0,0.38535693159899725
2025-06-07,TPHCM,SJC,114900,117200,116050.0,-0.8152802077310043
2025-06-09,TPHCM,SJC,115700,117700,116700.0,0.5585406572064181
2025-06-10,TPHCM,SJC,116500,118500,117500.0,0.6831794291703273
2025-06-11,TPHCM,SJC,116800,118800,117800.0,0.25499376332727053
2025-06-12,TPHCM,SJC,117000,119000,118000.0,0.1696353248178334
2025-06-13,TPHCM,SJC,117500,120000,118750.0,0.6335818449085924
2025-06-14,TPHCM,SJC,117800,120300,119050.0,0.25231300181212224
2025-06-16,TPHCM,SJC,117600,119600,118600.0,-0.37870863692467205
2025-06-17,TPHCM,SJC,117600,119600,118600.0,0.0
2025-06-18,TPHCM,SJC,117600,119600,118600.0,0.0
2025-06-19,TPHCM,SJC,117400,119400,118400.0,-0.16877641137197408
2025-06-20,TPHCM,SJC,117400,119400,118400.0,0.0
2025-06-21,TPHCM,SJC,117700,119700,118700.0,0.25305791657170335
2025-06-23,TPHCM,SJC,117700,119700,118700.0,0.0
2025-06-24,TPHCM,SJC,117500,119500,118500.0,-0.16863410404364776
2025-06-25,TPHCM,SJC,117500,119500,118500.0,0.0
2025-06-26,TPHCM,SJC,118000,120000,119000.0,0.42105325363434576
2025-06-27,TPHCM,SJC,117700,119700,118700.0,-0.25241914959070233
2025-06-28,TPHCM,SJC,117200,119200,118200.0,-0.42211966436245313
2025-06-30,TPHCM,SJC,117500,119500,118500.0,0.2534855603188116
2025-07-01,TPHCM,SJC,118700,120700,119700.0,1.007565198874164
2025-07-02,TPHCM,SJC,118700,120700,119700.0,0.0
2025-07-03,TPHCM,SJC,119300,121300,120300.0,0.5000010416705839
2025-07-04,TPHCM,SJC,118900,120900,119900.0,-0.3330560947164611
2025-07-05,TPHCM,SJC,118900,120900,119900.0,0.0
2025-07-07,TPHCM,SJC,118500,120500,119500.0,-0.33416906619032133
2025-07-08,TPHCM,SJC,119000,121000,120000.0,0.4175371410480592
2025-07-09,TPHCM,SJC,118600,120600,119600.0,-0.3338901265514599
2025-07-10,TPHCM,SJC,118800,120800,119800.0,0.16708441648177222
2025-07-11,TPHCM,SJC,119000,121000,120000.0,0.16680571006970132
2025-07-12,TPHCM,SJC,119500,121500,120500.0,0.4158010148663677
2025-07-14,TPHCM,SJC,119500,121500,120500.0,0.0
2025-07-15,TPHCM,SJC,119100,121100,120100.0,-0.3325023844771817
2025-07-16,TPHCM,SJC,118600,120600,119600.0,-0.41718875694064933
2025-07-17,TPHCM,SJC,118600,120600,119600.0,0.0
2025-07-18,TPHCM,SJC,119500,121000,120250.0,0.5420067469339114
2025-07-19,TPHCM,SJC,119500,121000,120250.0,0.0
2025-07-21,TPHCM,SJC,120000,121500,120750.0,0.4149383546811397
2025-07-22,TPHCM,SJC,120000,122000,121000.0,0.20682530640590605
2025-07-23,TPHCM,SJC,120700,122700,121700.0,0.5768454396740448
2025-07-24,TPHCM,SJC,119700,121700,120700.0,-0.8250871889995635
2025-07-25,TPHCM,SJC,119700,121700,120700.0,0.0
2025-07-26,TPHCM,SJC,119600,121100,120350.0,-0.2903963874404889
2025-07-28,TPHCM,SJC,119600,121100,120350.0,0.0
2025-07-29,TPHCM,SJC,119700,121200,120450.0,0.0830564831799493
2025-07-30,TPHCM,SJC,120000,121500,120750.0,0.24875634718017076
2025-07-31,TPHCM,SJC,119900,121400,120650.0,-0.08285004616413452
2025-08-01,TPHCM,SJC,119900,121400,120650.0,0.0
2025-08-02,TPHCM,SJC,121500,123500,122500.0,1.5217237913741024
2025-08-04,TPHCM,SJC,121700,123300,122500.0,0.0
2025-08-05,TPHCM,SJC,122200,123800,123000.0,0.4073325387635869
2025-08-06,TPHCM,SJC,122400,123800,123100.0,0.08126778179902579
2025-08-07,TPHCM,SJC,122400,123800,123100.0,0.0
2025-08-08,TPHCM,SJC,123200,124000,123600.0,0.4053511833182637
2025-08-09,TPHCM,SJC,123200,124400,123800.0,0.1616815226905256
2025-08-11,TPHCM,SJC,122700,123900,123300.0,-0.4046950080197162
2025-08-12,TPHCM,SJC,122700,123900,123300.0,0.0
2025-08-13,TPHCM,SJC,123000,124200,123600.0,0.24301348532918907
2025-08-14,TPHCM,SJC,123700,124700,124200.0,0.4842624475787991
2025-08-15,TPHCM,SJC,123500,124500,124000.0,-0.16116038943415328
2025-08-16,TPHCM,SJC,123500,124500,124000.0,0.0
2025-08-18,TPHCM,SJC,124000,125000,124500.0,0.4024150299725548
2025-08-19,TPHCM,SJC,124000,125000,124500.0,0.0
2025-08-20,TPHCM,SJC,123800,124800,124300.0,-0.16077173880968523
2025-08-21,TPHCM,SJC,124400,125400,124900.0,0.481541861486657
2025-08-22,TPHCM,SJC,124400,125400,124900.0,0.0
2025-08-23,TPHCM,SJC,125600,126600,126100.0,0.9561825839341906
2025-08-25,TPHCM,SJC,125600,127100,126350.0,0.19805908633293506
2025-08-26,TPHCM,SJC,126100,127700,126900.0,0.43435408861386726
2025-08-27,TPHCM,SJC,126000,128000,127000.0,0.07877117382491862
2025-08-28,TPHCM,SJC,127000,128500,127750.0,0.5888142625222531
2025-08-29,TPHCM,SJC,127800,129300,128550.0,0.6242704628084583
2025-08-30,TPHCM,SJC,129100,130600,129850.0,1.0062004396858857
2025-09-02,TPHCM,SJC,129100,130600,129850.0,0.0
2025-09-03,TPHCM,SJC,131900,133400,132650.0,2.1334142474991142
2025-09-04,TPHCM,SJC,132400,133900,133150.0,0.37622316761925045
2025-09-05,TPHCM,SJC,132900,134400,133650.0,0.37481303249868564
2025-09-06,TPHCM,SJC,133900,135400,134650.0,0.7454376672679874
2025-09-08,TPHCM,SJC,133100,135100,134100.0,-0.40930289699750366
2025-09-09,TPHCM,SJC,133800,135800,134800.0,0.520640819057375
2025-09-10,TPHCM,SJC,133300,135300,134300.0,-0.3716094949014814
2025-09-11,TPHCM,SJC,130300,133300,131800.0,-1.8790481460785027
2025-09-12,TPHCM,SJC,128400,131400,129900.0,-1.4520698391852973
2025-09-13,TPHCM,SJC,128100,131100,129600.0,-0.23121397583795023
2025-09-15,TPHCM,SJC,128600,131100,129850.0,0.19271541905831127
2025-09-16,TPHCM,SJC,130300,132300,131300.0,1.1104843199993135
2025-09-17,TPHCM,SJC,130300,132300,131300.0,0.0
2025-09-18,TPHCM,SJC,130000,132000,131000.0,-0.22874581075989692
2025-09-19,TPHCM,SJC,130000,132000,131000.0,0.0
2025-09-20,TPHCM,SJC,131000,133000,132000.0,0.7604599385219213
2025-09-22,TPHCM,SJC,131600,133600,132600.0,0.4535155165391363
2025-09-23,TPHCM,SJC,133000,135000,134000.0,1.05027221991492
2025-09-24,TPHCM,SJC,133100,134800,133950.0,-0.03732039602935865
2025-09-25,TPHCM,SJC,132500,134500,133500.0,-0.33651181503135585
2025-09-26,TPHCM,SJC,132500,134500,133500.0,0.0
2025-09-27,TPHCM,SJC,133000,134500,133750.0,0.18709079358116024
2025-09-29,TPHCM,SJC,134500,136500,135500.0,1.2999254543639598
2025-09-30,TPHCM,SJC,134800,137300,136050.0,0.4050824909499766
2025-10-01,TPHCM,SJC,136400,138400,137400.0,0.9873914558993615
2025-10-02,TPHCM,SJC,136000,138000,137000.0,-0.2915453960124019
2025-10-03,TPHCM,SJC,135800,137800,136800.0,-0.14609206396748708
2025-10-04,TPHCM,SJC,136600,138600,137600.0,0.5830920310793144
2025-10-06,TPHCM,SJC,138100,140100,139100.0,1.0842173430153903
2025-10-07,TPHCM,SJC,138600,140600,139600.0,0.35880913988748475
2025-10-08,TPHCM,SJC,140500,142500,141500.0,1.3518526755020137
2025-10-09,TPHCM,SJC,140500,142500,141500.0,0.0
2025-10-10,TPHCM,SJC,140200,142200,141200.0,-0.21223920241506058
2025-10-11,TPHCM,SJC,140800,142800,141800.0,0.4240289038885442
2025-10-13,TPHCM,SJC,142100,144100,143100.0,0.9126072464378197
2025-10-14,TPHCM,SJC,144100,146100,145100.0,1.387947332773703
2025-10-15,TPHCM,SJC,146000,148000,147000.0,1.30094268885941
2025-10-16,TPHCM,SJC,147100,149100,148100.0,0.7455134495016739
2025-10-17,TPHCM,SJC,151500,153000,152250.0,2.7636185316253354
2025-10-18,TPHCM,SJC,149000,151000,150000.0,-1.4888612493750637
2025-10-20,TPHCM,SJC,150500,151500,151000.0,0.6644542718668511
2025-10-21,TPHCM,SJC,151500,152500,152000.0,0.6600684031352093
2025-10-22,TPHCM,SJC,146600,148600,147600.0,-2.9374608679904246
2025-10-23,TPHCM,SJC,147500,149500,148500.0,0.6079046076382193
2025-10-24,TPHCM,SJC,146500,148500,147500.0,-0.6756782462879762
2025-10-25,TPHCM,SJC,147200,149200,148200.0,0.47345370821119226
2025-10-27,TPHCM,SJC,146900,148400,147650.0,-0.3718104672054789
2025-10-28,TPHCM,SJC,143100,145100,144100.0,-2.4337105184455323
2025-10-29,TPHCM,SJC,146100,148100,147100.0,2.0605124601915326
2025-10-30,TPHCM,SJC,145800,147800,146800.0,-0.20415114269765733
2025-10-31,TPHCM,SJC,146400,148400,147400.0,0.4078863574821028
2025-11-01,TPHCM,SJC,146400,148400,147400.0,0.0
2025-11-03,TPHCM,SJC,147000,149000,148000.0,0.4062294008878926
2025-11-04,TPHCM,SJC,146200,148200,147200.0,-0.5420067469339145
2025-11-05,TPHCM,SJC,145500,147500,146500.0,-0.47667778376538184
2025-11-06,TPHCM,SJC,146400,148400,147400.0,0.6124551298114147
2025-11-07,TPHCM,SJC,146400,148400,147400.0,0.0
2025-11-08,TPHCM,SJC,146400,148400,147400.0,0.0
2025-11-10,TPHCM,SJC,148200,150200,149200.0,1.2137708014424302
2025-11-11,TPHCM,SJC,150000,152000,151000.0,1.1992149045263751
2025-11-12,TPHCM,SJC,149500,151500,150500.0,-0.3316752625993927
2025-11-13,TPHCM,SJC,152500,154500,153500.0,1.9737482838321336
2025-11-14,TPHCM,SJC,151700,153200,152450.0,-0.6863893592988082
2025-11-15,TPHCM,SJC,149000,151000,150000.0,-1.6201379338008053
2025-11-17,TPHCM,SJC,149000,151000,150000.0,0.0
2025-11-18,TPHCM,SJC,147300,149300,148300.0,-1.139804495236931
2025-11-19,TPHCM,SJC,149000,150700,149850.0,1.039754461878582
2025-11-20,TPHCM,SJC,148300,150300,149300.0,-0.3677089217527543
2025-11-21,TPHCM,SJC,147800,149800,148800.0,-0.3354582146153174
2025-11-22,TPHCM,SJC,148400,150400,149400.0,0.4024150299725548
2025-11-24,TPHCM,SJC,148400,150400,149400.0,0.0
2025-11-25,TPHCM,SJC,150900,152900,151900.0,1.6595136903010226
2025-11-26,TPHCM,SJC,151400,153400,152400.0,0.3286233650818824
2025-11-27,TPHCM,SJC,151400,153400,152400.0,0.0
2025-11-28,TPHCM,SJC,152200,154200,153200.0,0.5235614053944943
2025-11-29,TPHCM,SJC,152900,154900,153900.0,0.4558783538342722
2025-12-01,TPHCM,SJC,153200,155200,154200.0,0.1947420284395629
2025-12-02,TPHCM,SJC,152500,154500,153500.0,-0.45498941019772543
2025-12-03,TPHCM,SJC,152500,154500,153500.0,0.0
2025-12-04,TPHCM,SJC,151800,153800,152800.0,-0.45706902948317063
2025-12-05,TPHCM,SJC,152900,154900,153900.0,0.7173164112413328
2025-12-06,TPHCM,SJC,152200,154200,153200.0,-0.45587835383426717
2025-12-08,TPHCM,SJC,152500,154500,153500.0,0.19563097207609012
2025-12-09,TPHCM,SJC,151700,153700,152700.0,-0.5225354802665119
2025-12-10,TPHCM,SJC,152700,154700,153700.0,0.6527438319963348
2025-12-11,TPHCM,SJC,152500,154500,153500.0,-0.13020835172983022
2025-12-12,TPHCM,SJC,153600,155600,154600.0,0.714056912606979
2025-12-13,TPHCM,SJC,154300,156300,155300.0,0.4517594001319858
2025-12-15,TPHCM,SJC,155200,157200,156200.0,0.5778507250944305
2025-12-16,TPHCM,SJC,153600,155600,154600.0,-1.029610125226401
2025-12-17,TPHCM,SJC,154200,156200,155200.0,0.387347159579684
2025-12-18,TPHCM,SJC,154400,156400,155400.0,0.12878301844286857
2025-12-19,TPHCM,SJC,154400,156400,155400.0,0.0
2025-12-20,TPHCM,SJC,154600,156600,155600.0,0.1286173810744085
2025-12-22,TPHCM,SJC,155500,157500,156500.0,0.5767398235916599
2025-12-23,TPHCM,SJC,157000,159000,158000.0,0.953902304675891
2025-12-24,TPHCM,SJC,157200,159200,158200.0,0.12650223065867022
2025-12-25,TPHCM,SJC,156800,158800,157800.0,-0.25316469217796195
2025-12-26,TPHCM,SJC,157400,159400,158400.0,0.37950709685515344
2025-12-27,TPHCM,SJC,157700,159700,158700.0,0.18921481520379624
2025-12-29,TPHCM,SJC,156000,158000,157000.0,-1.076982218405536
2025-12-30,TPHCM,SJC,152700,154700,153700.0,-2.1243154803757878
2025-12-31,TPHCM,SJC,150800,152800,151800.0,-1.2438785583020666
2026-01-01,TPHCM,SJC,150800,152800,151800.0,0.0
2026-01-02,TPHCM,SJC,150800,152800,151800.0,0.0
2026-01-03,TPHCM,SJC,150800,152800,151800.0,0.0
2026-01-05,TPHCM,SJC,155100,157100,156100.0,2.7932962559856813
2026-01-06,TPHCM,SJC,156000,158000,157000.0,0.5748977826921757
2026-01-07,TPHCM,SJC,156100,158100,157100.0,0.06367399132675264
2026-01-08,TPHCM,SJC,155200,157200,156200.0,-0.5745307855989891
2026-01-09,TPHCM,SJC,156300,158300,157300.0,0.701757265864654
2026-01-10,TPHCM,SJC,157800,159800,158800.0,0.9490738748803278
2026-01-12,TPHCM,SJC,160000,162000,161000.0,1.3758816171427748
2026-01-13,TPHCM,SJC,160000,162000,161000.0,0.0
2026-01-14,TPHCM,SJC,161500,163500,162500.0,0.9273636785329253
2026-01-15,TPHCM,SJC,160800,162800,161800.0,-0.43169971454008993
2026-01-16,TPHCM,SJC,160800,162800,161800.0,0.0
2026-01-17,TPHCM,SJC,160800,162800,161800.0,0.0
2026-01-19,TPHCM,SJC,163000,165000,164000.0,1.3505423199807192
2026-01-20,TPHCM,SJC,164100,166100,165100.0,0.6684923101883798
2026-01-21,TPHCM,SJC,168500,170500,169500.0,2.630157589442273
2026-01-22,TPHCM,SJC,167300,169300,168300.0,-0.7104825623744683
2026-01-23,TPHCM,SJC,170200,172200,171200.0,1.7084362510881423
2026-01-24,TPHCM,SJC,172300,174300,173300.0,1.2191733013918677
2026-01-26,TPHCM,SJC,175000,177000,176000.0,1.5459798316591404
2026-01-27,TPHCM,SJC,175300,177300,176300.0,0.17030943656727657
2026-01-28,TPHCM,SJC,181700,184200,182950.0,3.7025802061391286
2026-01-29,TPHCM,SJC,186600,190800,188700.0,3.094556090928879
2026-01-30,TPHCM,SJC,178000,181000,179500.0,-4.998324444617095
2026-01-31,TPHCM,SJC,169000,172000,170500.0,-5.14399112047621
2026-02-02,TPHCM,SJC,163000,166000,164500.0,-3.582472651814487
2026-02-03,TPHCM,SJC,173500,176500,175000.0,6.187540371808745
2026-02-04,TPHCM,SJC,177200,180200,178700.0,2.092244824186829
2026-02-05,TPHCM,SJC,174200,177200,175700.0,-1.6930426972330863
2026-02-06,TPHCM,SJC,173500,176500,175000.0,-0.39920212695374496
2026-02-07,TPHCM,SJC,176300,179300,177800.0,1.5873349156290164
2026-02-09,TPHCM,SJC,177400,180400,178900.0,0.6167667434869198
2026-02-10,TPHCM,SJC,178000,181000,179500.0,0.3348217413660027
2026-02-11,TPHCM,SJC,178000,181000,179500.0,0.0
2026-02-12,TPHCM,SJC,178000,181000,179500.0,0.0
2026-02-13,TPHCM,SJC,176000,179000,177500.0,-1.1204599012863132
2026-02-14,TPHCM,SJC,178000,181000,179500.0,1.1204599012863061
2026-02-21,TPHCM,SJC,178000,181000,179500.0,0.0
2026-02-23,TPHCM,SJC,181600,184600,183100.0,1.9857243752131513
2026-02-24,TPHCM,SJC,181600,184600,183100.0,0.0
2026-02-25,TPHCM,SJC,182300,185300,183800.0,0.38157582411216945
2026-02-26,TPHCM,SJC,182000,184000,183000.0,-0.43620570801657454
2026-02-27,TPHCM,SJC,181000,184000,182500.0,-0.27359798188747486
2026-02-28,TPHCM,SJC,184000,187000,185500.0,1.6304709024943569
2026-03-02,TPHCM,SJC,187900,190900,189400.0,2.080629870448794
2026-03-03,TPHCM,SJC,185200,188200,186700.0,-1.43581302043009
2026-03-04,TPHCM,SJC,181200,184200,182700.0,-2.1657587163715943
2026-03-05,TPHCM,SJC,181700,184200,182950.0,0.13674280812547657
2026-03-06,TPHCM,SJC,180800,183800,182300.0,-0.3559209780598408
2026-03-07,TPHCM,SJC,182000,185000,183500.0,0.6560985810007635
2026-03-09,TPHCM,SJC,181100,184100,182600.0,-0.49166993337568304
2026-03-10,TPHCM,SJC,183100,186100,184600.0,1.0893353907883585
2026-03-11,TPHCM,SJC,184200,187200,185700.0,0.5941146289908421
2026-03-12,TPHCM,SJC,183300,186300,184800.0,-0.48583091510762944
2026-03-13,TPHCM,SJC,181800,184800,183300.0,-0.8150004361924414
2026-03-14,TPHCM,SJC,179600,182600,181100.0,-1.2074789956291658
2026-03-16,TPHCM,SJC,180100,183100,181600.0,0.27571012778251935
2026-03-17,TPHCM,SJC,180000,183000,181500.0,-0.05508124622874257
2026-03-18,TPHCM,SJC,180000,183000,181500.0,0.0
2026-03-19,TPHCM,SJC,172500,175500,174000.0,-4.220035449037642
2026-03-20,TPHCM,SJC,173100,176100,174600.0,0.3442344190972699
2026-03-21,TPHCM,SJC,168000,171000,169500.0,-2.9644716584996886
2026-03-23,TPHCM,SJC,163000,166000,164500.0,-2.994235661507834
2026-03-24,TPHCM,SJC,167200,170200,168700.0,2.521141934649607
2026-03-25,TPHCM,SJC,170500,173500,172000.0,1.9372487261530358
2026-03-26,TPHCM,SJC,168500,171500,170000.0,-1.16960397631913
2026-03-27,TPHCM,SJC,168600,171600,170100.0,0.05880623515542229
2026-03-28,TPHCM,SJC,169800,172800,171300.0,0.7029905928258146
2026-03-30,TPHCM,SJC,170800,173800,172300.0,0.5820738203809644
2026-03-31,TPHCM,SJC,171900,174900,173400.0,0.636392081255763
2026-04-01,TPHCM,SJC,173700,176700,175200.0,1.0327114155849524
2026-04-02,TPHCM,SJC,170000,173500,171750.0,-1.988824739983234
2026-04-03,TPHCM,SJC,171000,174500,172750.0,0.5805531545320496
2026-04-04,TPHCM,SJC,171000,174500,172750.0,0.0
2026-04-06,TPHCM,SJC,170100,173100,171600.0,-0.6679275593917375
2026-04-07,TPHCM,SJC,169500,172500,171000.0,-0.35026305512021116
2026-04-08,TPHCM,SJC,171000,175000,173000.0,1.1628037995119214
2026-04-09,TPHCM,SJC,168500,171500,170000.0,-1.7493157447517231
2026-04-10,TPHCM,SJC,169700,172700,171200.0,0.7034026657379981
2026-04-11,TPHCM,SJC,169400,172400,170900.0,-0.175387358609657
2026-04-13,TPHCM,SJC,168500,171500,170000.0,-0.5280153071283475
2026-04-14,TPHCM,SJC,170500,173000,171750.0,1.024149405219692
2026-04-15,TPHCM,SJC,170000,173500,171750.0,0.0
2026-04-16,TPHCM,SJC,167700,171200,169450.0,-1.3482033049398394
2026-04-17,TPHCM,SJC,167500,171000,169250.0,-0.11809862606760042
2026-04-18,TPHCM,SJC,168500,172000,170250.0,0.5891033237237342
2026-04-20,TPHCM,SJC,168300,171300,169800.0,-0.264667115237476
2026-04-21,TPHCM,SJC,168100,170600,169350.0,-0.26536946134662454
2026-04-22,TPHCM,SJC,167500,170000,168750.0,-0.3549249511141463
2026-04-23,TPHCM,SJC,166700,169200,167950.0,-0.47520136943374236
2026-04-24,TPHCM,SJC,165500,168000,166750.0,-0.7170631262568645
2026-04-25,TPHCM,SJC,166300,168800,167550.0,0.47861293875862115
2026-04-28,TPHCM,SJC,164500,167500,166000.0,-0.9294025826776199
2026-04-29,TPHCM,SJC,163000,166000,164500.0,-0.9077218151116652
2026-05-02,TPHCM,SJC,163000,166000,164500.0,0.0
2026-05-04,TPHCM,SJC,163600,166600,165100.0,0.36407807206558424
2026-05-05,TPHCM,SJC,162000,165000,163500.0,-0.9738360588774251
2026-05-06,TPHCM,SJC,163000,166000,164500.0,0.6097579868118538
2026-05-07,TPHCM,SJC,164500,167500,166000.0,0.9077218151116679
2026-05-08,TPHCM,SJC,164500,167500,166000.0,0.0
2026-05-09,TPHCM,SJC,164500,167500,166000.0,0.0
2026-05-11,TPHCM,SJC,162200,165200,163700.0,-1.3952303979454053
2026-05-12,TPHCM,SJC,162500,165500,164000.0,0.18309434471091146
2026-05-13,TPHCM,SJC,162000,165000,163500.0,-0.3053437486890343
2026-05-14,TPHCM,SJC,162000,165000,163500.0,0.0
2026-05-15,TPHCM,SJC,161000,164000,162500.0,-0.6134988567515944
2026-05-16,TPHCM,SJC,160500,163500,162000.0,-0.3081666537408112
2026-05-18,TPHCM,SJC,161300,163800,162550.0,0.33893115175303096
2026-05-19,TPHCM,SJC,161000,163500,162250.0,-0.18472911657149302
2026-05-20,TPHCM,SJC,159000,162000,160500.0,-1.0844413014128853
2026-05-21,TPHCM,SJC,159400,162400,160900.0,0.24891114282669258
2026-05-22,TPHCM,SJC,159000,162000,160500.0,-0.24891114282669782
2026-05-23,TPHCM,SJC,158500,161500,160000.0,-0.3120127336243634
2026-05-25,TPHCM,SJC,159000,162000,160500.0,0.31201273362436777
2026-05-26,TPHCM,SJC,158500,161500,160000.0,-0.3120127336243634
2026-05-27,TPHCM,SJC,157700,160700,159200.0,-0.5012541823544286
2026-05-28,TPHCM,SJC,154500,157500,156000.0,-2.0305266160745568
2026-05-29,TPHCM,SJC,155500,158500,157000.0,0.6389798098770988
2026-05-30,TPHCM,SJC,156000,159000,157500.0,0.31796529173798055
2026-06-01,TPHCM,SJC,155500,158500,157000.0,-0.3179652917379684
2026-06-02,TPHCM,SJC,154500,157500,156000.0,-0.638979809877101
2026-06-03,TPHCM,SJC,154000,157000,155500.0,-0.32102756302482105
2026-06-04,TPHCM,SJC,153000,156000,154500.0,-0.6451635281488719
2026-06-05,TPHCM,SJC,149200,153200,151200.0,-2.1590632592367496
2026-06-06,TPHCM,SJC,146200,150200,148200.0,-2.0040750883446155
2026-06-08,TPHCM,SJC,138800,143800,141300.0,-4.76774231715048
2026-06-09,TPHCM,SJC,138800,143800,141300.0,0.0
2026-06-10,TPHCM,SJC,133800,138800,136300.0,-3.6026950987994857
2026-06-11,TPHCM,SJC,133400,138400,135900.0,-0.2939017545388849
2026-06-12,TPHCM,SJC,142400,145400,143900.0,5.719929273622403
2026-06-13,TPHCM,SJC,144000,147000,145500.0,1.1057472718224997
2026-06-15,TPHCM,SJC,148000,150500,149250.0,2.5446665661164176
2026-06-16,TPHCM,SJC,149500,151500,150500.0,0.834033191621895
2026-06-17,TPHCM,SJC,148800,151300,150050.0,-0.29945123025543285
2026-06-18,TPHCM,SJC,148800,151300,150050.0,0.0
2026-06-19,TPHCM,SJC,143700,146700,145200.0,-3.2856469495680427
2026-06-20,TPHCM,SJC,144200,147200,145700.0,0.3437610810463331
2026-06-22,TPHCM,SJC,145600,148600,147100.0,0.9562914406232593
2026-06-23,TPHCM,SJC,144000,147000,145500.0,-1.0936540995844675
2026-06-24,TPHCM,SJC,144000,147000,145500.0,0.0
2026-06-25,TPHCM,SJC,143200,146200,144700.0,-0.5513452974109008
2026-06-26,TPHCM,SJC,144000,147000,145500.0,0.5513452974109133
2026-06-27,TPHCM,SJC,145500,148500,147000.0,1.0256500167189062
2026-06-29,TPHCM,SJC,145000,148000,146500.0,-0.3407158321614309
2026-06-30,TPHCM,SJC,144000,147000,145500.0,-0.6849341845574783
2026-07-01,TPHCM,SJC,143400,146400,144900.0,-0.4132237284910495
2026-07-02,TPHCM,SJC,145400,148400,146900.0,1.370823385319483
2026-07-03,TPHCM,SJC,148400,151400,149900.0,2.021632192872038
2026-07-04,TPHCM,SJC,148400,151400,149900.0,0.0
2026-07-06,TPHCM,SJC,148000,151000,149500.0,-0.26720122778108574
2026-07-07,TPHCM,SJC,147000,150000,148500.0,-0.6711434587986804
2026-07-08,TPHCM,SJC,145500,148500,147000.0,-1.0152371464017962
2026-07-09,TPHCM,SJC,146000,149000,147500.0,0.33955890011381074
2026-07-10,TPHCM,SJC,146900,149900,148400.0,0.6083154953405463
2026-07-11,TPHCM,SJC,146900,149900,148400.0,0.0
2026-07-13,TPHCM,SJC,145400,148400,146900.0,-1.0159247553448492
2026-07-14,TPHCM,SJC,144500,147500,146000.0,-0.6145461471495132
2026-07-15,TPHCM,SJC,145500,148500,147000.0,0.6825965070399891
2026-07-16,TPHCM,SJC,145200,148200,146700.0,-0.20429016298002933
2026-07-17,TPHCM,SJC,143600,146600,145100.0,-1.0966525258793869
2026-07-18,TPHCM,SJC,144000,147500,145750.0,0.4469665340459549
2026-07-20,TPHCM,SJC,142500,146000,144250.0,-1.0344919842392772
2026-07-21,TPHCM,SJC,142900,146400,144650.0,0.27691260339352686
2026-07-22,TPHCM,SJC,142000,146000,144000.0,-0.4503731846143459
2026-07-23,TPHCM,SJC,135000,140000,137500.0,-4.618938246937458
2026-07-24,TPHCM,SJC,135500,140500,138000.0,0.3629768050578731
2026-07-25,TPHCM,SJC,137500,141500,139500.0,1.0810916104215675
2026-07-27,TPHCM,SJC,139000,143000,141000.0,1.069528911674795
2026-07-28,TPHCM,SJC,137500,141500,139500.0,-1.069528911674792
2026-07-29,TPHCM,SJC,137500,141500,139500.0,0.0
2026-07-30,TPHCM,SJC,137700,141700,139700.0,0.1432665001495916
2026-07-31,TPHCM,SJC,137900,141900,139900.0,0.14306154085194564
2026-08-01,TPHCM,SJC,137000,141000,139000.0,-0.645394854074379
